Workbook
Name capacity_sweep_fee_0.01: 'capacity_sweep_fee_0.01'!$A$1:$Q$33

Sheet capacity_sweep_fee_0.00
A1: model | B1: grid_fee | C1: solver_objective | D1: solve_time_sec | E1: total_charge_kwh | F1: total_discharge_kwh | G1: equivalent_cycles | H1: avg_soc | I1: soc_std | J1: charge_periods | K1: discharge_periods | L1: idle_periods | M1: final_soc | N1: baseline_cost | O1: battery_term | P1: battery_value | Q1: incremental_value_per_kwh | R1: battery_capacity_kwh | S1: battery_price | T1: years_to_break_even
A2: BO-MIP | B2: 0 | C2: -32.257634 | D2: 0.75862033 | E2: 2717.5789 | F2: 2454.04 | G2: 545.34222 | H2: 2.4043533 | I2: 1.9533574 | J2: 1716 | K2: 1666 | L2: 4513 | M2: 0.5 | N2: 138.70578 | O2: -170.96342 | P2: 170.96342 | R2: 5 | S2: ='capacity & battery prices'!B2 -> 7500 | T2: =S2/P2 -> 43.869034
A3: TO-MIP | B3: 0 | C3: -32.259181 | D3: 1.541298 | E3: 2729.0582 | F3: 2464.4 | G3: 547.64444 | H3: 2.4043393 | I3: 1.9524421 | J3: 1721 | K3: 1672 | L3: 4502 | M3: 0.5 | N3: 138.70578 | O3: -170.96496 | P3: 170.96496 | R3: 5 | S3: =S2 -> 7500 | T3: =T2 -> 43.869034
A4: BO-MIP | B4: 0 | C4: -94.732039 | D4: 0.70158896 | E4: 3938.0554 | F4: 3555.52 | G4: 507.93143 | H4: 3.5164367 | I4: 2.7881579 | J4: 2175 | K4: 2065 | L4: 3655 | M4: 0.5 | N4: 138.70578 | O4: -233.43782 | P4: 233.43782 | Q4: =(P4-P2)/(R4-R2) -> 24.989762 | R4: 7.5 | S4: ='capacity & battery prices'!B3 -> 9000 | T4: =S4/P4 -> 38.554164
A5: TO-MIP | B5: 0 | C5: -94.731831 | D5: 1.4637583 | E5: 3938.687 | F5: 3556.09 | G5: 508.01286 | H5: 3.5154115 | I5: 2.7876006 | J5: 2175 | K5: 2066 | L5: 3654 | M5: 0.5 | N5: 138.70578 | O5: -233.43761 | P5: 233.43761 | Q5: =Q4 -> 24.989762 | R5: 7.5 | S5: =S4 -> 9000 | T5: =T4 -> 38.554164
A6: BO-MIP | B6: 0 | C6: -139.72071 | D6: 0.70111475 | E6: 4836.6094 | F6: 4366.465 | G6: 459.62789 | H6: 4.6706754 | I6: 3.5064452 | J6: 2505 | K6: 2360 | L6: 3030 | M6: 0.5 | N6: 138.70578 | O6: -278.4265 | P6: 278.4265 | Q6: =(P6-P4)/(R6-R4) -> 17.99547 | R6: 10 | S6: ='capacity & battery prices'!B4 -> 10500 | T6: =S6/P6 -> 37.711928
A7: TO-MIP | B7: 0 | C7: -139.72072 | D7: 1.4381869 | E7: 4838.6094 | F7: 4368.27 | G7: 459.81789 | H7: 4.6678398 | I7: 3.5054199 | J7: 2506 | K7: 2361 | L7: 3028 | M7: 0.5 | N7: 138.70578 | O7: -278.4265 | P7: 278.4265 | Q7: =Q6 -> 17.99547 | R7: 10 | S7: =S6 -> 10500 | T7: =T6 -> 37.711928
A8: BO-MIP | B8: 0 | C8: -181.45995 | D8: 0.593801 | E8: 5684.4377 | F8: 5131.63 | G8: 394.74077 | H8: 6.3514191 | I8: 4.309718 | J8: 2982 | K8: 2696 | L8: 2217 | M8: 0.5 | N8: 138.70578 | O8: -320.16573 | P8: 320.16573 | Q8: =(P8-P6)/(R8-R6) -> 11.925496 | R8: 13.5 | S8: ='capacity & battery prices'!B5 -> 12600 | T8: =S8/P8 -> 39.354618
A9: TO-MIP | B9: 0 | C9: -181.45995 | D9: 1.4740885 | E9: 5684.7535 | F9: 5131.915 | G9: 394.76269 | H9: 6.3547399 | I9: 4.3095147 | J9: 2982 | K9: 2696 | L9: 2217 | M9: 0.5 | N9: 138.70578 | O9: -320.16573 | P9: 320.16573 | Q9: =Q8 -> 11.925496 | R9: 13.5 | S9: =S8 -> 12600 | T9: =T8 -> 39.354618
A10: BO-MIP | B10: 0 | C10: -192.65185 | D10: 0.57759275 | E10: 5909.6953 | F10: 5334.925 | G10: 367.92586 | H10: 7.0900029 | I10: 4.6026296 | J10: 3092 | K10: 2749 | L10: 2054 | M10: 0.5 | N10: 138.70578 | O10: -331.35763 | P10: 331.35763 | Q10: =(P10-P8)/(R10-R8) -> 7.4612682 | R10: 15 | S10: ='capacity & battery prices'!B6 -> 13500 | T10: =S10/P10 -> 40.741479
A11: TO-MIP | B11: 0 | C11: -192.65185 | D11: 1.487862 | E11: 5909.6953 | F11: 5334.925 | G11: 367.92586 | H11: 7.0909914 | I11: 4.6026083 | J11: 3092 | K11: 2749 | L11: 2054 | M11: 0.5 | N11: 138.70578 | O11: -331.35763 | P11: 331.35763 | Q11: =Q10 -> 7.4612682 | R11: 15 | S11: =S10 -> 13500 | T11: =T10 -> 40.741479
A12: BO-MIP | B12: 0 | C12: -214.0935 | D12: 0.56235087 | E12: 6279.4127 | F12: 5668.595 | G12: 290.69718 | H12: 9.6472331 | I12: 5.5956304 | J12: 3227 | K12: 2932 | L12: 1736 | M12: 0.5 | N12: 138.70578 | O12: -352.79929 | P12: 352.79929 | Q12: =(P12-P10)/(R12-R10) -> 4.2883305 | R12: 20 | S12: ='capacity & battery prices'!B7 -> 16500 | T12: =S12/P12 -> 46.768802
A13: TO-MIP | B13: 0 | C13: -214.0935 | D13: 1.4701632 | E13: 6279.4127 | F13: 5668.595 | G13: 290.69718 | H13: 9.647817 | I13: 5.5954407 | J13: 3227 | K13: 2932 | L13: 1736 | M13: 0.5 | N13: 138.70578 | O13: -352.79929 | P13: 352.79929 | Q13: =Q12 -> 4.2883305 | R13: 20 | S13: =S12 -> 16500 | T13: =T12 -> 46.768802
A14: BO-MIP | B14: 0 | C14: -221.79187 | D14: 0.55855992 | E14: 6375.4626 | F14: 5755.28 | G14: 250.22957 | H14: 11.447681 | I14: 6.4176381 | J14: 3268 | K14: 2944 | L14: 1683 | M14: 0.5 | N14: 138.70578 | O14: -360.49765 | P14: 360.49765 | Q14: =(P14-P12)/(R14-R12) -> 2.1995317 | R14: 23.5 | S14: ='capacity & battery prices'!B8 -> 18600 | T14: =S14/P14 -> 51.595344
A15: TO-MIP | B15: 0 | C15: -221.79162 | D15: 1.451563 | E15: 6375.4626 | F15: 5755.28 | G15: 250.22957 | H15: 11.451627 | I15: 6.4145877 | J15: 3268 | K15: 2944 | L15: 1683 | M15: 0.5 | N15: 138.70578 | O15: -360.4974 | P15: 360.4974 | Q15: =Q14 -> 2.1995317 | R15: 23.5 | S15: =S14 -> 18600 | T15: =T14 -> 51.595344
A16: BO-MIP | B16: 0 | C16: -227.64796 | D16: 0.56183233 | E16: 6451.9889 | F16: 5824.345 | G16: 219.7866 | H16: 13.286266 | I16: 7.2843191 | J16: 3284 | K16: 2974 | L16: 1637 | M16: 0.5 | N16: 138.70578 | O16: -366.35374 | P16: 366.35374 | Q16: =(P16-P14)/(R16-R14) -> 1.6731687 | R16: 27 | S16: ='capacity & battery prices'!B9 -> 20700 | T16: =S16/P16 -> 56.502767
A17: TO-MIP | B17: 0 | C17: -227.64802 | D17: 1.4655462 | E17: 6452.1496 | F17: 5824.49 | G17: 219.79208 | H17: 13.286233 | I17: 7.2843582 | J17: 3285 | K17: 2974 | L17: 1636 | M17: 0.5 | N17: 138.70578 | O17: -366.35381 | P17: 366.35381 | Q17: =Q16 -> 1.6731687 | R17: 27 | S17: =S16 -> 20700 | T17: =T16 -> 56.502767
A18: BO-MIP | B18: 0 | C18: -233.01352 | D18: 0.56283217 | E18: 6545.108 | F18: 5908.385 | G18: 193.71754 | H18: 15.336946 | I18: 8.3568755 | J18: 3326 | K18: 3003 | L18: 1566 | M18: 0.5 | N18: 138.70578 | O18: -371.7193 | P18: 371.7193 | Q18: =(P18-P16)/(R18-R16) -> 1.3413902 | R18: 31 | S18: ='capacity & battery prices'!B10 -> 23100 | T18: =S18/P18 -> 62.143666
A19: TO-MIP | B19: 0 | C19: -233.0136 | D19: 1.4451198 | E19: 6545.108 | F19: 5908.385 | G19: 193.71754 | H19: 15.348511 | I19: 8.3556141 | J19: 3326 | K19: 3003 | L19: 1566 | M19: 0.5 | N19: 138.70578 | O19: -371.71938 | P19: 371.71938 | Q19: =Q18 -> 1.3413902 | R19: 31 | S19: =S18 -> 23100 | T19: =T18 -> 62.143666
A20: BO-MIP | B20: 0 | C20: -237.24836 | D20: 0.56330204 | E20: 6599.5956 | F20: 5957.56 | G20: 172.6829 | H20: 17.477877 | I20: 9.4353976 | J20: 3338 | K20: 3028 | L20: 1529 | M20: 0.5 | N20: 138.70578 | O20: -375.95414 | P20: 375.95414 | Q20: =(P20-P18)/(R20-R18) -> 1.0587113 | R20: 35 | S20: ='capacity & battery prices'!B11 -> 25500 | T20: =S20/P20 -> 67.827421
A21: TO-MIP | B21: 0 | C21: -237.24836 | D21: 1.4470934 | E21: 6599.5956 | F21: 5957.56 | G21: 172.6829 | H21: 17.476972 | I21: 9.4345734 | J21: 3338 | K21: 3028 | L21: 1529 | M21: 0.5 | N21: 138.70578 | O21: -375.95414 | P21: 375.95414 | Q21: =Q20 -> 1.0587113 | R21: 35 | S21: =S20 -> 25500 | T21: =T20 -> 67.827421
A22: BO-MIP | B22: 0 | C22: -239.84092 | D22: 0.57162379 | E22: 6622.7867 | F22: 5978.49 | G22: 159.4264 | H22: 19.102745 | I22: 10.290422 | J22: 3351 | K22: 3031 | L22: 1513 | M22: 0.5 | N22: 138.70578 | O22: -378.5467 | P22: 378.5467 | Q22: =(P22-P20)/(R22-R20) -> 0.86418587 | R22: 38 | S22: ='capacity & battery prices'!B12 -> 27300 | T22: =S22/P22 -> 72.117918
A23: TO-MIP | B23: 0 | C23: -239.84092 | D23: 1.4615547 | E23: 6622.7867 | F23: 5978.49 | G23: 159.4264 | H23: 19.099096 | I23: 10.287052 | J23: 3351 | K23: 3031 | L23: 1513 | M23: 0.5 | N23: 138.70578 | O23: -378.5467 | P23: 378.5467 | Q23: =Q22 -> 0.86418587 | R23: 38 | S23: =S22 -> 27300 | T23: =T22 -> 72.117918
A24: BO-MIP | B24: 0 | C24: -241.74654 | D24: 0.57383433 | E24: 6634.5097 | F24: 5989.07 | G24: 149.72675 | H24: 20.313902 | I24: 11.02623 | J24: 3356 | K24: 3035 | L24: 1504 | M24: 0.5 | N24: 138.70578 | O24: -380.45233 | P24: 380.45233 | Q24: =(P24-P22)/(R24-R22) -> 0.76225021 | R24: 40.5 | S24: ='capacity & battery prices'!B13 -> 28800 | T24: =S24/P24 -> 75.699366
A25: TO-MIP | B25: 0 | C25: -241.74654 | D25: 1.4467097 | E25: 6634.5097 | F25: 5989.07 | G25: 149.72675 | H25: 20.329834 | I25: 11.03437 | J25: 3356 | K25: 3035 | L25: 1504 | M25: 0.5 | N25: 138.70578 | O25: -380.45233 | P25: 380.45233 | Q25: =Q24 -> 0.76225021 | R25: 40.5 | S25: =S24 -> 28800 | T25: =T24 -> 75.699366
A26: BO-MIP | B26: 0 | C26: -249.84168 | D26: 0.57513925 | E26: 6706.2327 | F26: 6053.8 | G26: 113.15514 | H26: 27.090657 | I26: 15.01785 | J26: 3382 | K26: 3054 | L26: 1459 | M26: 0.5 | N26: 138.70578 | O26: -388.54747 | P26: 388.54747 | Q26: =(P26-P24)/(R26-R24) -> 0.59964 | R26: 54 | S26: ='capacity & battery prices'!B14 -> 36900 | T26: =S26/P26 -> 94.969091
A27: TO-MIP | B27: 0 | C27: -249.84168 | D27: 1.4481419 | E27: 6706.2327 | F27: 6053.8 | G27: 113.15514 | H27: 27.07302 | I27: 15.021638 | J27: 3382 | K27: 3054 | L27: 1459 | M27: 0.5 | N27: 138.70578 | O27: -388.54747 | P27: 388.54747 | Q27: =Q26 -> 0.59964 | R27: 54 | S27: =S26 -> 36900 | T27: =T26 -> 94.969091
A28: BO-MIP | B28: 0 | C28: -259.47418 | D28: 0.54799904 | E28: 6761.0083 | F28: 6103.235 | G28: 75.816584 | H28: 41.808251 | I28: 23.321847 | J28: 3403 | K28: 3067 | L28: 1425 | M28: 0.5 | N28: 138.70578 | O28: -398.17996 | P28: 398.17996 | Q28: =(P28-P26)/(R28-R26) -> 0.35675901 | R28: 81 | S28: ='capacity & battery prices'!B15 -> 53100 | T28: =S28/P28 -> 133.35679
A29: TO-MIP | B29: 0 | C29: -259.47418 | D29: 1.4333299 | E29: 6761.0083 | F29: 6103.235 | G29: 75.816584 | H29: 41.808251 | I29: 23.321847 | J29: 3403 | K29: 3067 | L29: 1425 | M29: 0.5 | N29: 138.70578 | O29: -398.17996 | P29: 398.17996 | Q29: =Q28 -> 0.35675901 | R29: 81 | S29: =S28 -> 53100 | T29: =T28 -> 133.35679
A30: BO-MIP | B30: 0 | C30: -264.4476 | D30: 0.561575 | E30: 6775.5235 | F30: 6116.335 | G30: 56.89614 | H30: 55.360503 | I30: 30.741879 | J30: 3407 | K30: 3070 | L30: 1418 | M30: 0.5 | N30: 138.70578 | O30: -403.15338 | P30: 403.15338 | Q30: =(P30-P28)/(R30-R28) -> 0.18420064 | R30: 108 | S30: ='capacity & battery prices'!B16 -> 69300 | T30: =S30/P30 -> 171.89488
A31: TO-MIP | B31: 0 | C31: -264.4476 | D31: 1.4315557 | E31: 6775.5235 | F31: 6116.335 | G31: 56.89614 | H31: 55.357147 | I31: 30.751941 | J31: 3407 | K31: 3071 | L31: 1417 | M31: 0.5 | N31: 138.70578 | O31: -403.15338 | P31: 403.15338 | Q31: =Q30 -> 0.18420064 | R31: 108 | S31: =S30 -> 69300 | T31: =T30 -> 171.89488
A32: BO-MIP | B32: 0 | C32: -266.55476 | D32: 0.57373717 | E32: 6791.7895 | F32: 6131.015 | G32: 47.343745 | H32: 66.515964 | I32: 37.18919 | J32: 3410 | K32: 3075 | L32: 1410 | M32: 0.5 | N32: 138.70578 | O32: -405.26055 | P32: 405.26055 | Q32: =(P32-P30)/(R32-R30) -> 0.095780295 | R32: 130 | S32: ='capacity & battery prices'!B17 -> 82500 | T32: =S32/P32 -> 203.57274
A33: TO-MIP | B33: 0 | C33: -266.55476 | D33: 1.4325109 | E33: 6791.7895 | F33: 6131.015 | G33: 47.343745 | H33: 66.515964 | I33: 37.18919 | J33: 3410 | K33: 3075 | L33: 1410 | M33: 0.5 | N33: 138.70578 | O33: -405.26055 | P33: 405.26055 | Q33: =Q32 -> 0.095780295 | R33: 130 | S33: =S32 -> 82500 | T33: =T32 -> 203.57274

Sheet capacity & battery prices
A1: Capacity (kWh) | B1: Estimated total installed cost (USD) | C1: Implied $/kWh
A2: 5 | B2: 7500 | C2: 1500
A3: 7.5 | B3: 9000 | C3: 1200
A4: 10 | B4: 10500 | C4: 1050
A5: 13.5 | B5: 12600 | C5: 933.3
A6: 15 | B6: 13500 | C6: 900
A7: 20 | B7: 16500 | C7: 825
A8: 23.5 | B8: 18600 | C8: 791.5
A9: 27 | B9: 20700 | C9: 766.7
A10: 31 | B10: 23100 | C10: 745.2
A11: 35 | B11: 25500 | C11: 728.6
A12: 38 | B12: 27300 | C12: 718.4
A13: 40.5 | B13: 28800 | C13: 711.1
... A17: 130 | B17: 82500 | C17: 634.6

Sheet capacity_sweep_fee_0.01
A1: model | B1: grid_fee | C1: solver_objective | D1: solve_time_sec | E1: total_charge_kwh | F1: total_discharge_kwh | G1: equivalent_cycles | H1: avg_soc | I1: soc_std | J1: charge_periods | K1: discharge_periods | L1: idle_periods | M1: final_soc | N1: baseline_cost | O1: battery_term | P1: battery_value | Q1: battery_capacity_kwh | R1: battery_price | S1: years_to_break_even
A2: BO-MIP | B2: 0.01 | C2: 12.513045 | D2: 0.56842413 | E2: 1993.9335 | F2: 1800.95 | G2: 400.21111 | H2: 2.3430464 | I2: 1.9568863 | J2: 1276 | K2: 1178 | L2: 5441 | M2: 0.5 | N2: 138.70578 | O2: -126.19274 | P2: 126.19274 | Q2: 5 | R2: ='capacity & battery prices'!B2 -> 7500 | S2: =R2/P2 -> 59.432897
A3: TO-MIP | B3: 0.01 | C3: 12.513045 | D3: 0.19769058 | E3: 1993.9335 | F3: 1800.95 | G3: 400.21111 | H3: 2.3432717 | I3: 1.9570425 | J3: 1276 | K3: 1178 | L3: 5441 | M3: 0.5 | N3: 138.70578 | O3: -126.19274 | P3: 126.19274 | Q3: 5 | R3: =R2 -> 7500 | S3: =S2 -> 59.432897
A4: BO-MIP | B4: 0.01 | C4: -31.048055 | D4: 0.52478246 | E4: 2766.5208 | F4: 2498.21 | G4: 356.88714 | H4: 3.4483456 | I4: 2.7949117 | J4: 1537 | K4: 1412 | L4: 4946 | M4: 0.5 | N4: 138.70578 | O4: -169.75384 | P4: 169.75384 | Q4: 7.5 | R4: ='capacity & battery prices'!B3 -> 9000 | S4: =R4/P4 -> 53.017947
A5: TO-MIP | B5: 0.01 | C5: -31.048055 | D5: 0.19823692 | E5: 2766.5208 | F5: 2498.21 | G5: 356.88714 | H5: 3.4483456 | I5: 2.7949117 | J5: 1537 | K5: 1412 | L5: 4946 | M5: 0.5 | N5: 138.70578 | O5: -169.75384 | P5: 169.75384 | Q5: 7.5 | R5: =R4 -> 9000 | S5: =S4 -> 53.017947
A6: BO-MIP | B6: 0.01 | C6: -62.788822 | D6: 0.52876767 | E6: 3294.8255 | F6: 2975.005 | G6: 313.15842 | H6: 4.6234183 | I6: 3.5088455 | J6: 1724 | K6: 1587 | L6: 4584 | M6: 0.5 | N6: 138.70578 | O6: -201.4946 | P6: 201.4946 | Q6: 10 | R6: ='capacity & battery prices'!B4 -> 10500 | S6: =R6/P6 -> 52.110576
A7: TO-MIP | B7: 0.01 | C7: -62.788822 | D7: 0.19478062 | E7: 3294.8255 | F7: 2975.005 | G7: 313.15842 | H7: 4.6226117 | I7: 3.5083642 | J7: 1724 | K7: 1587 | L7: 4584 | M7: 0.5 | N7: 138.70578 | O7: -201.4946 | P7: 201.4946 | Q7: 10 | R7: =R6 -> 10500 | S7: =S6 -> 52.110576
A8: BO-MIP | B8: 0.01 | C8: -92.577664 | D8: 0.52909583 | E8: 3814.1219 | F8: 3443.67 | G8: 264.89769 | H8: 6.3072182 | I8: 4.3693815 | J8: 1991 | K8: 1850 | L8: 4054 | M8: 0.5 | N8: 138.70578 | O8: -231.28345 | P8: 231.28345 | Q8: 13.5 | R8: ='capacity & battery prices'!B5 -> 12600 | S8: =R8/P8 -> 54.478607
A9: TO-MIP | B9: 0.01 | C9: -92.577664 | D9: 0.20006238 | E9: 3814.1219 | F9: 3443.67 | G9: 264.89769 | H9: 6.3081567 | I9: 4.3689191 | J9: 1991 | K9: 1850 | L9: 4054 | M9: 0.5 | N9: 138.70578 | O9: -231.28345 | P9: 231.28345 | Q9: 13.5 | R9: =R8 -> 12600 | S9: =S8 -> 54.478607
A10: BO-MIP | B10: 0.01 | C10: -100.51979 | D10: 0.52889763 | E10: 3974.7645 | F10: 3588.65 | G10: 247.4931 | H10: 7.0167367 | I10: 4.7121875 | J10: 2083 | K10: 1853 | L10: 3959 | M10: 0.5 | N10: 138.70578 | O10: -239.22558 | P10: 239.22558 | Q10: 15 | R10: ='capacity & battery prices'!B6 -> 13500 | S10: =R10/P10 -> 56.432093
A11: TO-MIP | B11: 0.01 | C11: -100.51979 | D11: 0.19760817 | E11: 3974.7645 | F11: 3588.65 | G11: 247.4931 | H11: 7.0177598 | I11: 4.7114813 | J11: 2083 | K11: 1853 | L11: 3959 | M11: 0.5 | N11: 138.70578 | O11: -239.22558 | P11: 239.22558 | Q11: 15 | R11: =R10 -> 13500 | S11: =S10 -> 56.432093
A12: BO-MIP | B12: 0.01 | C12: -115.94159 | D12: 0.53071663 | E12: 4233.4127 | F12: 3822.08 | G12: 196.0041 | H12: 9.4471425 | I12: 5.9161535 | J12: 2181 | K12: 1987 | L12: 3727 | M12: 0.5 | N12: 138.70578 | O12: -254.64737 | P12: 254.64737 | Q12: 20 | R12: ='capacity & battery prices'!B7 -> 16500 | S12: =R12/P12 -> 64.795485
A13: TO-MIP | B13: 0.01 | C13: -115.94159 | D13: 0.19596204 | E13: 4233.4127 | F13: 3822.08 | G13: 196.0041 | H13: 9.4464612 | I13: 5.9145388 | J13: 2181 | K13: 1987 | L13: 3727 | M13: 0.5 | N13: 138.70578 | O13: -254.64737 | P13: 254.64737 | Q13: 20 | R13: =R12 -> 16500 | S13: =S12 -> 64.795485
A14: BO-MIP | B14: 0.01 | C14: -121.7883 | D14: 0.53109854 | E14: 4319.4294 | F14: 3899.71 | G14: 169.55261 | H14: 11.269529 | I14: 6.8372863 | J14: 2217 | K14: 2011 | L14: 3667 | M14: 0.5 | N14: 138.70578 | O14: -260.49408 | P14: 260.49408 | Q14: 23.5 | R14: ='capacity & battery prices'!B8 -> 18600 | S14: =R14/P14 -> 71.402774
A15: TO-MIP | B15: 0.01 | C15: -121.7883 | D15: 0.20206133 | E15: 4319.4294 | F15: 3899.71 | G15: 169.55261 | H15: 11.269971 | I15: 6.8368334 | J15: 2217 | K15: 2011 | L15: 3667 | M15: 0.5 | N15: 138.70578 | O15: -260.49408 | P15: 260.49408 | Q15: 23.5 | R15: =R14 -> 18600 | S15: =S14 -> 71.402774
A16: BO-MIP | B16: 0.01 | C16: -126.32128 | D16: 0.53406267 | E16: 4378.3213 | F16: 3952.86 | G16: 149.16453 | H16: 13.022886 | I16: 7.791015 | J16: 2230 | K16: 2032 | L16: 3633 | M16: 0.5 | N16: 138.70578 | O16: -265.02706 | P16: 265.02706 | Q16: 27 | R16: ='capacity & battery prices'!B9 -> 20700 | S16: =R16/P16 -> 78.105233
A17: TO-MIP | B17: 0.01 | C17: -126.32128 | D17: 0.19577487 | E17: 4378.3213 | F17: 3952.86 | G17: 149.16453 | H17: 13.019402 | I17: 7.7907805 | J17: 2230 | K17: 2032 | L17: 3633 | M17: 0.5 | N17: 138.70578 | O17: -265.02706 | P17: 265.02706 | Q17: 27 | R17: =R16 -> 20700 | S17: =S16 -> 78.105233
A18: BO-MIP | B18: 0.01 | C18: -130.57668 | D18: 0.53593233 | E18: 4426.0665 | F18: 3995.95 | G18: 131.01475 | H18: 15.080688 | I18: 8.8822646 | J18: 2258 | K18: 2044 | L18: 3593 | M18: 0.5 | N18: 138.70578 | O18: -269.28246 | P18: 269.28246 | Q18: 31 | R18: ='capacity & battery prices'!B10 -> 23100 | S18: =R18/P18 -> 85.783529
A19: TO-MIP | B19: 0.01 | C19: -130.57668 | D19: 0.19448958 | E19: 4426.0665 | F19: 3995.95 | G19: 131.01475 | H19: 15.080688 | I19: 8.8822646 | J19: 2258 | K19: 2044 | L19: 3593 | M19: 0.5 | N19: 138.70578 | O19: -269.28246 | P19: 269.28246 | Q19: 31 | R19: =R18 -> 23100 | S19: =S18 -> 85.783529
A20: BO-MIP | B20: 0.01 | C20: -134.12176 | D20: 0.53749358 | E20: 4454.9252 | F20: 4021.995 | G20: 116.57957 | H20: 17.262954 | I20: 10.027333 | J20: 2271 | K20: 2052 | L20: 3572 | M20: 0.5 | N20: 138.70578 | O20: -272.82754 | P20: 272.82754 | Q20: 35 | R20: ='capacity & battery prices'!B11 -> 25500 | S20: =R20/P20 -> 93.465638
A21: TO-MIP | B21: 0.01 | C21: -134.12176 | D21: 0.199389 | E21: 4454.9252 | F21: 4021.995 | G21: 116.57957 | H21: 17.262954 | I21: 10.027333 | J21: 2271 | K21: 2052 | L21: 3572 | M21: 0.5 | N21: 138.70578 | O21: -272.82754 | P21: 272.82754 | Q21: 35 | R21: =R20 -> 25500 | S21: =S20 -> 93.465638
A22: BO-MIP | B22: 0.01 | C22: -136.29675 | D22: 0.53885133 | E22: 4488.2327 | F22: 4052.055 | G22: 108.0548 | H22: 18.834402 | I22: 10.972589 | J22: 2280 | K22: 2064 | L22: 3551 | M22: 0.5 | N22: 138.70578 | O22: -275.00253 | P22: 275.00253 | Q22: 38 | R22: ='capacity & battery prices'!B12 -> 27300 | S22: =R22/P22 -> 99.271813
A23: TO-MIP | B23: 0.01 | C23: -136.29675 | D23: 0.19586808 | E23: 4488.2327 | F23: 4052.055 | G23: 108.0548 | H23: 18.834402 | I23: 10.972589 | J23: 2280 | K23: 2064 | L23: 3551 | M23: 0.5 | N23: 138.70578 | O23: -275.00253 | P23: 275.00253 | Q23: 38 | R23: =R22 -> 27300 | S23: =S22 -> 99.271813
A24: BO-MIP | B24: 0.01 | C24: -137.87073 | D24: 0.53754471 | E24: 4503.2299 | F24: 4065.59 | G24: 101.63975 | H24: 20.150503 | I24: 11.700195 | J24: 2288 | K24: 2064 | L24: 3543 | M24: 0.5 | N24: 138.70578 | O24: -276.57651 | P24: 276.57651 | Q24: 40.5 | R24: ='capacity & battery prices'!B13 -> 28800 | S24: =R24/P24 -> 104.13032
A25: TO-MIP | B25: 0.01 | C25: -137.87073 | D25: 0.19494171 | E25: 4503.2299 | F25: 4065.59 | G25: 101.63975 | H25: 20.150813 | I25: 11.700221 | J25: 2288 | K25: 2064 | L25: 3543 | M25: 0.5 | N25: 138.70578 | O25: -276.57651 | P25: 276.57651 | Q25: 40.5 | R25: =R24 -> 28800 | S25: =S24 -> 104.13032
A26: BO-MIP | B26: 0.01 | C26: -144.64848 | D26: 0.54466446 | E26: 4531.3241 | F26: 4090.945 | G26: 76.466262 | H26: 27.519443 | I26: 15.703399 | J26: 2294 | K26: 2073 | L26: 3528 | M26: 0.5 | N26: 138.70578 | O26: -283.35426 | P26: 283.35426 | Q26: 54 | R26: ='capacity & battery prices'!B14 -> 36900 | S26: =R26/P26 -> 130.22567
A27: TO-MIP | B27: 0.01 | C27: -144.64848 | D27: 0.19606817 | E27: 4531.3241 | F27: 4090.945 | G27: 76.466262 | H27: 27.519752 | I27: 15.703539 | J27: 2294 | K27: 2073 | L27: 3528 | M27: 0.5 | N27: 138.70578 | O27: -283.35426 | P27: 283.35426 | Q27: 54 | R27: =R26 -> 36900 | S27: =S26 -> 130.22567
A28: BO-MIP | B28: 0.01 | C28: -153.3536 | D28: 0.56895046 | E28: 4624.3324 | F28: 4174.885 | G28: 51.861925 | H28: 42.208829 | I28: 23.645279 | J28: 2330 | K28: 2104 | L28: 3461 | M28: 0.5 | N28: 138.70578 | O28: -292.05938 | P28: 292.05938 | Q28: 81 | R28: ='capacity & battery prices'!B15 -> 53100 | S28: =R28/P28 -> 181.81234
A29: TO-MIP | B29: 0.01 | C29: -153.3536 | D29: 0.19559608 | E29: 4624.3324 | F29: 4174.885 | G29: 51.861925 | H29: 42.208829 | I29: 23.645279 | J29: 2330 | K29: 2104 | L29: 3461 | M29: 0.5 | N29: 138.70578 | O29: -292.05938 | P29: 292.05938 | Q29: 81 | R29: =R28 -> 53100 | S29: =S28 -> 181.81234
A30: BO-MIP | B30: 0.01 | C30: -158.17672 | D30: 0.58952988 | E30: 4620.7756 | F30: 4171.675 | G30: 38.806279 | H30: 55.112779 | I30: 31.319192 | J30: 2326 | K30: 2097 | L30: 3472 | M30: 0.5 | N30: 138.70578 | O30: -296.88251 | P30: 296.88251 | Q30: 108 | R30: ='capacity & battery prices'!B16 -> 69300 | S30: =R30/P30 -> 233.42568
A31: TO-MIP | B31: 0.01 | C31: -158.17672 | D31: 0.1972015 | E31: 4620.7756 | F31: 4171.675 | G31: 38.806279 | H31: 55.110582 | I31: 31.318668 | J31: 2326 | K31: 2097 | L31: 3472 | M31: 0.5 | N31: 138.70578 | O31: -296.88251 | P31: 296.88251 | Q31: 108 | R31: =R30 -> 69300 | S31: =S30 -> 233.42568
A32: BO-MIP | B32: 0.01 | C32: -160.25684 | D32: 0.58831142 | E32: 4613.9224 | F32: 4165.49 | G32: 32.165946 | H32: 65.018118 | I32: 37.134373 | J32: 2322 | K32: 2090 | L32: 3483 | M32: 0.5 | N32: 138.70578 | O32: -298.96262 | P32: 298.96262 | Q32: 130 | R32: ='capacity & battery prices'!B17 -> 82500 | S32: =R32/P32 -> 275.95423
A33: TO-MIP | B33: 0.01 | C33: -160.25684 | D33: 0.19684633 | E33: 4613.9224 | F33: 4165.49 | G33: 32.165946 | H33: 65.018118 | I33: 37.134373 | J33: 2322 | K33: 2090 | L33: 3483 | M33: 0.5 | N33: 138.70578 | O33: -298.96262 | P33: 298.96262 | Q33: 130 | R33: =R32 -> 82500 | S33: =S32 -> 275.95423
